Year-Month,Predicted Inventory (tons),Risk Level
2025-01,188482.25125828362,✅ Stable
2025-02,187516.25307031765,✅ Stable
2025-03,186550.2548823517,✅ Stable
